CREATE TABLE "myfirstmodule$presupuesto" (
	"id" BIGINT NOT NULL,
	"doccomercial" LONGVARBINARY NULL,
	"total" DECIMAL(28, 8) NULL,
	"id_presupuesto" BIGINT NULL,
	"detalle" VARCHAR_IGNORECASE(200) NULL,
	PRIMARY KEY("id"));
CREATE SEQUENCE "myfirstmodule$presupuesto_id_presupuesto_mxseq" AS BIGINT START WITH 1;
INSERT INTO "mendixsystem$entity" ("id", 
"entity_name", 
"table_name", 
"remote", 
"remote_primary_key")
 VALUES ('5131d437-c387-498d-8737-84bfdff0e017', 
'MyFirstModule.Presupuesto', 
'myfirstmodule$presupuesto', 
false, 
false);
INSERT INTO "mendixsystem$attribute" ("id", 
"entity_id", 
"attribute_name", 
"column_name", 
"type", 
"length", 
"default_value", 
"is_auto_number")
 VALUES ('c6230fac-d3b1-4059-bb6a-7311eae3cc6c', 
'5131d437-c387-498d-8737-84bfdff0e017', 
'docComercial', 
'doccomercial', 
50, 
0, 
'', 
false);
INSERT INTO "mendixsystem$attribute" ("id", 
"entity_id", 
"attribute_name", 
"column_name", 
"type", 
"length", 
"default_value", 
"is_auto_number")
 VALUES ('fb004592-1a6b-41b2-b026-d8732fc7b342', 
'5131d437-c387-498d-8737-84bfdff0e017', 
'total', 
'total', 
5, 
0, 
'0', 
false);
INSERT INTO "mendixsystem$attribute" ("id", 
"entity_id", 
"attribute_name", 
"column_name", 
"type", 
"length", 
"default_value", 
"is_auto_number")
 VALUES ('3a3257cb-9eca-439b-a2fc-2dc3219f5abd', 
'5131d437-c387-498d-8737-84bfdff0e017', 
'id_presupuesto', 
'id_presupuesto', 
0, 
0, 
'1', 
true);
INSERT INTO "mendixsystem$sequence" ("attribute_id", 
"name", 
"start_value", 
"current_value")
 VALUES ('3a3257cb-9eca-439b-a2fc-2dc3219f5abd', 
'myfirstmodule$presupuesto_id_presupuesto_mxseq', 
1, 
0);
INSERT INTO "mendixsystem$attribute" ("id", 
"entity_id", 
"attribute_name", 
"column_name", 
"type", 
"length", 
"default_value", 
"is_auto_number")
 VALUES ('d9610a68-8a8d-453f-b43d-cba2554f251f', 
'5131d437-c387-498d-8737-84bfdff0e017', 
'detalle', 
'detalle', 
30, 
200, 
'', 
false);
CREATE TABLE "myfirstmodule$usuario" (
	"id" BIGINT NOT NULL,
	"id_usuario" BIGINT NULL,
	"contrasenia" VARCHAR_IGNORECASE(200) NULL,
	"tipousuario" VARCHAR_IGNORECASE(200) NULL,
	"nombreuusario" VARCHAR_IGNORECASE(200) NULL,
	PRIMARY KEY("id"));
CREATE SEQUENCE "myfirstmodule$usuario_id_usuario_mxseq" AS BIGINT START WITH 1;
INSERT INTO "mendixsystem$entity" ("id", 
"entity_name", 
"table_name", 
"remote", 
"remote_primary_key")
 VALUES ('d7a40a9d-5924-4948-895b-4f6ffe500bdd', 
'MyFirstModule.Usuario', 
'myfirstmodule$usuario', 
false, 
false);
INSERT INTO "mendixsystem$attribute" ("id", 
"entity_id", 
"attribute_name", 
"column_name", 
"type", 
"length", 
"default_value", 
"is_auto_number")
 VALUES ('88382ca0-da30-4f75-8081-98eacc0161e9', 
'd7a40a9d-5924-4948-895b-4f6ffe500bdd', 
'id_usuario', 
'id_usuario', 
0, 
0, 
'1', 
true);
INSERT INTO "mendixsystem$sequence" ("attribute_id", 
"name", 
"start_value", 
"current_value")
 VALUES ('88382ca0-da30-4f75-8081-98eacc0161e9', 
'myfirstmodule$usuario_id_usuario_mxseq', 
1, 
0);
INSERT INTO "mendixsystem$attribute" ("id", 
"entity_id", 
"attribute_name", 
"column_name", 
"type", 
"length", 
"default_value", 
"is_auto_number")
 VALUES ('ee115248-886a-4d0d-96ea-6da4ec0185cc', 
'd7a40a9d-5924-4948-895b-4f6ffe500bdd', 
'contrasenia', 
'contrasenia', 
30, 
200, 
'', 
false);
INSERT INTO "mendixsystem$attribute" ("id", 
"entity_id", 
"attribute_name", 
"column_name", 
"type", 
"length", 
"default_value", 
"is_auto_number")
 VALUES ('805c92e3-ce75-4d60-b5d6-2fa9f1a0365c', 
'd7a40a9d-5924-4948-895b-4f6ffe500bdd', 
'tipoUsuario', 
'tipousuario', 
30, 
200, 
'', 
false);
INSERT INTO "mendixsystem$attribute" ("id", 
"entity_id", 
"attribute_name", 
"column_name", 
"type", 
"length", 
"default_value", 
"is_auto_number")
 VALUES ('fbf12ff6-6d35-4164-83a2-f9ec610ed28f', 
'd7a40a9d-5924-4948-895b-4f6ffe500bdd', 
'nombreUusario', 
'nombreuusario', 
30, 
200, 
'', 
false);
CREATE TABLE "myfirstmodule$tipodoccomercial" (
	"id" BIGINT NOT NULL,
	"id_tipo_doc" BIGINT NULL,
	"tipo" VARCHAR_IGNORECASE(200) NULL,
	PRIMARY KEY("id"));
CREATE SEQUENCE "myfirstmodule$tipodoccomercial_id_tipo_doc_mxseq" AS BIGINT START WITH 1;
INSERT INTO "mendixsystem$entity" ("id", 
"entity_name", 
"table_name", 
"remote", 
"remote_primary_key")
 VALUES ('12076380-060e-4465-99a9-7363d85c7ade', 
'MyFirstModule.TipoDocComercial', 
'myfirstmodule$tipodoccomercial', 
false, 
false);
INSERT INTO "mendixsystem$attribute" ("id", 
"entity_id", 
"attribute_name", 
"column_name", 
"type", 
"length", 
"default_value", 
"is_auto_number")
 VALUES ('885ed072-6c5e-4ce9-81b2-e933693468f0', 
'12076380-060e-4465-99a9-7363d85c7ade', 
'id_tipo_doc', 
'id_tipo_doc', 
0, 
0, 
'1', 
true);
INSERT INTO "mendixsystem$sequence" ("attribute_id", 
"name", 
"start_value", 
"current_value")
 VALUES ('885ed072-6c5e-4ce9-81b2-e933693468f0', 
'myfirstmodule$tipodoccomercial_id_tipo_doc_mxseq', 
1, 
0);
INSERT INTO "mendixsystem$attribute" ("id", 
"entity_id", 
"attribute_name", 
"column_name", 
"type", 
"length", 
"default_value", 
"is_auto_number")
 VALUES ('9461b064-3945-4fba-8ba0-e067b8c05030', 
'12076380-060e-4465-99a9-7363d85c7ade', 
'tipo', 
'tipo', 
30, 
200, 
'', 
false);
CREATE TABLE "myfirstmodule$tipomediodepago" (
	"id" BIGINT NOT NULL,
	"id_tipomediopago" BIGINT NULL,
	"tipo" VARCHAR_IGNORECASE(200) NULL,
	PRIMARY KEY("id"));
CREATE SEQUENCE "myfirstmodule$tipomediodepago_id_tipomediopago_mxseq" AS BIGINT START WITH 1;
INSERT INTO "mendixsystem$entity" ("id", 
"entity_name", 
"table_name", 
"remote", 
"remote_primary_key")
 VALUES ('d02915dc-d54e-4f6d-8554-68db34a595eb', 
'MyFirstModule.TipoMedioDePago', 
'myfirstmodule$tipomediodepago', 
false, 
false);
INSERT INTO "mendixsystem$attribute" ("id", 
"entity_id", 
"attribute_name", 
"column_name", 
"type", 
"length", 
"default_value", 
"is_auto_number")
 VALUES ('aa272e91-8b3c-4ba9-9325-9b1ffeee5d55', 
'd02915dc-d54e-4f6d-8554-68db34a595eb', 
'id_tipoMedioPago', 
'id_tipomediopago', 
0, 
0, 
'1', 
true);
INSERT INTO "mendixsystem$sequence" ("attribute_id", 
"name", 
"start_value", 
"current_value")
 VALUES ('aa272e91-8b3c-4ba9-9325-9b1ffeee5d55', 
'myfirstmodule$tipomediodepago_id_tipomediopago_mxseq', 
1, 
0);
INSERT INTO "mendixsystem$attribute" ("id", 
"entity_id", 
"attribute_name", 
"column_name", 
"type", 
"length", 
"default_value", 
"is_auto_number")
 VALUES ('688c957e-cfc9-425b-8b7b-402a78d00ec7', 
'd02915dc-d54e-4f6d-8554-68db34a595eb', 
'tipo', 
'tipo', 
30, 
200, 
'', 
false);
CREATE TABLE "myfirstmodule$categoria" (
	"id" BIGINT NOT NULL,
	"id_categoria" BIGINT NULL,
	"descripsion" VARCHAR_IGNORECASE(200) NULL,
	PRIMARY KEY("id"));
CREATE SEQUENCE "myfirstmodule$categoria_id_categoria_mxseq" AS BIGINT START WITH 1;
INSERT INTO "mendixsystem$entity" ("id", 
"entity_name", 
"table_name", 
"remote", 
"remote_primary_key")
 VALUES ('909c5e99-bb2a-422e-9354-bf2e1685fcd5', 
'MyFirstModule.Categoria', 
'myfirstmodule$categoria', 
false, 
false);
INSERT INTO "mendixsystem$attribute" ("id", 
"entity_id", 
"attribute_name", 
"column_name", 
"type", 
"length", 
"default_value", 
"is_auto_number")
 VALUES ('67b8e8f4-7400-4484-a770-777d3e724f29', 
'909c5e99-bb2a-422e-9354-bf2e1685fcd5', 
'id_categoria', 
'id_categoria', 
0, 
0, 
'1', 
true);
INSERT INTO "mendixsystem$sequence" ("attribute_id", 
"name", 
"start_value", 
"current_value")
 VALUES ('67b8e8f4-7400-4484-a770-777d3e724f29', 
'myfirstmodule$categoria_id_categoria_mxseq', 
1, 
0);
INSERT INTO "mendixsystem$attribute" ("id", 
"entity_id", 
"attribute_name", 
"column_name", 
"type", 
"length", 
"default_value", 
"is_auto_number")
 VALUES ('f46f4efa-c78d-4e23-9242-f7bc1d36b47e', 
'909c5e99-bb2a-422e-9354-bf2e1685fcd5', 
'descripsion', 
'descripsion', 
30, 
200, 
'', 
false);
CREATE TABLE "myfirstmodule$direccion" (
	"id" BIGINT NOT NULL,
	"piso" VARCHAR_IGNORECASE(200) NULL,
	"codigopostal" INT NULL,
	"altura" VARCHAR_IGNORECASE(200) NULL,
	"ciudad" VARCHAR_IGNORECASE(200) NULL,
	"id_direccion" BIGINT NULL,
	"calle" VARCHAR_IGNORECASE(200) NULL,
	"pais" VARCHAR_IGNORECASE(200) NULL,
	PRIMARY KEY("id"));
CREATE SEQUENCE "myfirstmodule$direccion_id_direccion_mxseq" AS BIGINT START WITH 1;
INSERT INTO "mendixsystem$entity" ("id", 
"entity_name", 
"table_name", 
"remote", 
"remote_primary_key")
 VALUES ('0afacb7f-c462-4d0c-afec-0a746f707e50', 
'MyFirstModule.Direccion', 
'myfirstmodule$direccion', 
false, 
false);
INSERT INTO "mendixsystem$attribute" ("id", 
"entity_id", 
"attribute_name", 
"column_name", 
"type", 
"length", 
"default_value", 
"is_auto_number")
 VALUES ('4c4cf06f-6abc-49cb-a867-2dd60b658ad3', 
'0afacb7f-c462-4d0c-afec-0a746f707e50', 
'piso', 
'piso', 
30, 
200, 
'', 
false);
INSERT INTO "mendixsystem$attribute" ("id", 
"entity_id", 
"attribute_name", 
"column_name", 
"type", 
"length", 
"default_value", 
"is_auto_number")
 VALUES ('e558b282-f807-4c90-89fd-e25de939ab12', 
'0afacb7f-c462-4d0c-afec-0a746f707e50', 
'codigoPostal', 
'codigopostal', 
3, 
0, 
'0', 
false);
INSERT INTO "mendixsystem$attribute" ("id", 
"entity_id", 
"attribute_name", 
"column_name", 
"type", 
"length", 
"default_value", 
"is_auto_number")
 VALUES ('ed8f71df-7937-4e71-85ef-9955d09d9d99', 
'0afacb7f-c462-4d0c-afec-0a746f707e50', 
'altura', 
'altura', 
30, 
200, 
'', 
false);
INSERT INTO "mendixsystem$attribute" ("id", 
"entity_id", 
"attribute_name", 
"column_name", 
"type", 
"length", 
"default_value", 
"is_auto_number")
 VALUES ('ef15046a-f238-4477-8373-fa2b9dcaea3e', 
'0afacb7f-c462-4d0c-afec-0a746f707e50', 
'ciudad', 
'ciudad', 
30, 
200, 
'', 
false);
INSERT INTO "mendixsystem$attribute" ("id", 
"entity_id", 
"attribute_name", 
"column_name", 
"type", 
"length", 
"default_value", 
"is_auto_number")
 VALUES ('3883270e-284a-4212-b9c4-86e9ed81abab', 
'0afacb7f-c462-4d0c-afec-0a746f707e50', 
'id_direccion', 
'id_direccion', 
0, 
0, 
'1', 
true);
INSERT INTO "mendixsystem$sequence" ("attribute_id", 
"name", 
"start_value", 
"current_value")
 VALUES ('3883270e-284a-4212-b9c4-86e9ed81abab', 
'myfirstmodule$direccion_id_direccion_mxseq', 
1, 
0);
INSERT INTO "mendixsystem$attribute" ("id", 
"entity_id", 
"attribute_name", 
"column_name", 
"type", 
"length", 
"default_value", 
"is_auto_number")
 VALUES ('2dd893de-ecf1-40f9-a4ba-37657ecb7a53', 
'0afacb7f-c462-4d0c-afec-0a746f707e50', 
'calle', 
'calle', 
30, 
200, 
'', 
false);
INSERT INTO "mendixsystem$attribute" ("id", 
"entity_id", 
"attribute_name", 
"column_name", 
"type", 
"length", 
"default_value", 
"is_auto_number")
 VALUES ('ac196ac8-683f-4822-9f67-f2845d68dbd0', 
'0afacb7f-c462-4d0c-afec-0a746f707e50', 
'pais', 
'pais', 
30, 
200, 
'', 
false);
CREATE TABLE "myfirstmodule$empresa" (
	"id" BIGINT NOT NULL,
	"promdeventasanual" BIGINT NULL,
	"tipoempresa" VARCHAR_IGNORECASE(200) NULL,
	"id_empresa" BIGINT NULL,
	"personal" BIGINT NULL,
	"nombre" VARCHAR_IGNORECASE(200) NULL,
	"actividad" VARCHAR_IGNORECASE(200) NULL,
	PRIMARY KEY("id"));
CREATE SEQUENCE "myfirstmodule$empresa_id_empresa_mxseq" AS BIGINT START WITH 1;
INSERT INTO "mendixsystem$entity" ("id", 
"entity_name", 
"table_name", 
"remote", 
"remote_primary_key")
 VALUES ('630f9573-e8e5-4a6d-a950-f05717009137', 
'MyFirstModule.Empresa', 
'myfirstmodule$empresa', 
false, 
false);
INSERT INTO "mendixsystem$attribute" ("id", 
"entity_id", 
"attribute_name", 
"column_name", 
"type", 
"length", 
"default_value", 
"is_auto_number")
 VALUES ('6b0d6cd1-343f-4057-a6bb-8e5f83bf3c29', 
'630f9573-e8e5-4a6d-a950-f05717009137', 
'promDeVentasAnual', 
'promdeventasanual', 
4, 
0, 
'0', 
false);
INSERT INTO "mendixsystem$attribute" ("id", 
"entity_id", 
"attribute_name", 
"column_name", 
"type", 
"length", 
"default_value", 
"is_auto_number")
 VALUES ('c08ad350-7bd9-41c3-94c1-8791c53a35e6', 
'630f9573-e8e5-4a6d-a950-f05717009137', 
'tipoEmpresa', 
'tipoempresa', 
30, 
200, 
'', 
false);
INSERT INTO "mendixsystem$attribute" ("id", 
"entity_id", 
"attribute_name", 
"column_name", 
"type", 
"length", 
"default_value", 
"is_auto_number")
 VALUES ('75e398fc-d740-4a74-81ed-40609c51ad94', 
'630f9573-e8e5-4a6d-a950-f05717009137', 
'id_empresa', 
'id_empresa', 
0, 
0, 
'1', 
true);
INSERT INTO "mendixsystem$sequence" ("attribute_id", 
"name", 
"start_value", 
"current_value")
 VALUES ('75e398fc-d740-4a74-81ed-40609c51ad94', 
'myfirstmodule$empresa_id_empresa_mxseq', 
1, 
0);
INSERT INTO "mendixsystem$attribute" ("id", 
"entity_id", 
"attribute_name", 
"column_name", 
"type", 
"length", 
"default_value", 
"is_auto_number")
 VALUES ('02c4087f-ef2c-4261-b58c-0d915d6e9f4b', 
'630f9573-e8e5-4a6d-a950-f05717009137', 
'personal', 
'personal', 
4, 
0, 
'0', 
false);
INSERT INTO "mendixsystem$attribute" ("id", 
"entity_id", 
"attribute_name", 
"column_name", 
"type", 
"length", 
"default_value", 
"is_auto_number")
 VALUES ('e81269b4-aeb6-45d2-aecb-81faeeb0fcad', 
'630f9573-e8e5-4a6d-a950-f05717009137', 
'nombre', 
'nombre', 
30, 
200, 
'', 
false);
INSERT INTO "mendixsystem$attribute" ("id", 
"entity_id", 
"attribute_name", 
"column_name", 
"type", 
"length", 
"default_value", 
"is_auto_number")
 VALUES ('213e2994-cc00-4b30-989c-a15488364aef', 
'630f9573-e8e5-4a6d-a950-f05717009137', 
'actividad', 
'actividad', 
30, 
200, 
'', 
false);
CREATE TABLE "myfirstmodule$mediodepago" (
	"id" BIGINT NOT NULL,
	"descripcion" VARCHAR_IGNORECASE(200) NULL,
	"numero" BIGINT NULL,
	"id_mediodepago" BIGINT NULL,
	PRIMARY KEY("id"));
CREATE SEQUENCE "myfirstmodule$mediodepago_id_mediodepago_mxseq" AS BIGINT START WITH 1;
INSERT INTO "mendixsystem$entity" ("id", 
"entity_name", 
"table_name", 
"remote", 
"remote_primary_key")
 VALUES ('73a8009f-6897-46e5-8af3-f7739ddc9eee', 
'MyFirstModule.MedioDePago', 
'myfirstmodule$mediodepago', 
false, 
false);
INSERT INTO "mendixsystem$attribute" ("id", 
"entity_id", 
"attribute_name", 
"column_name", 
"type", 
"length", 
"default_value", 
"is_auto_number")
 VALUES ('872684c8-4b85-4570-bd94-c95e0882a99f', 
'73a8009f-6897-46e5-8af3-f7739ddc9eee', 
'descripcion', 
'descripcion', 
30, 
200, 
'', 
false);
INSERT INTO "mendixsystem$attribute" ("id", 
"entity_id", 
"attribute_name", 
"column_name", 
"type", 
"length", 
"default_value", 
"is_auto_number")
 VALUES ('0ffd5c15-734b-45ca-aa9c-a5febb07d308', 
'73a8009f-6897-46e5-8af3-f7739ddc9eee', 
'numero', 
'numero', 
4, 
0, 
'0', 
false);
INSERT INTO "mendixsystem$attribute" ("id", 
"entity_id", 
"attribute_name", 
"column_name", 
"type", 
"length", 
"default_value", 
"is_auto_number")
 VALUES ('88030446-1675-480a-8bea-c49ce689a430', 
'73a8009f-6897-46e5-8af3-f7739ddc9eee', 
'id_medioDePago', 
'id_mediodepago', 
0, 
0, 
'1', 
true);
INSERT INTO "mendixsystem$sequence" ("attribute_id", 
"name", 
"start_value", 
"current_value")
 VALUES ('88030446-1675-480a-8bea-c49ce689a430', 
'myfirstmodule$mediodepago_id_mediodepago_mxseq', 
1, 
0);
CREATE TABLE "myfirstmodule$entidadjuridica" (
	"id" BIGINT NOT NULL,
	"razonsocial" VARCHAR_IGNORECASE(200) NULL,
	"cuit" VARCHAR_IGNORECASE(200) NULL,
	"id_entidadjuridica" BIGINT NULL,
	"direccion" VARCHAR_IGNORECASE(200) NULL,
	"codinscripcionigj" BIGINT NULL,
	"nombre" VARCHAR_IGNORECASE(200) NULL,
	PRIMARY KEY("id"));
CREATE SEQUENCE "myfirstmodule$entidadjuridica_id_entidadjuridica_mxseq" AS BIGINT START WITH 1;
INSERT INTO "mendixsystem$entity" ("id", 
"entity_name", 
"table_name", 
"remote", 
"remote_primary_key")
 VALUES ('3816682e-308d-43ec-b779-853ac1e49337', 
'MyFirstModule.EntidadJuridica', 
'myfirstmodule$entidadjuridica', 
false, 
false);
INSERT INTO "mendixsystem$attribute" ("id", 
"entity_id", 
"attribute_name", 
"column_name", 
"type", 
"length", 
"default_value", 
"is_auto_number")
 VALUES ('1d2f62fa-af92-4143-b24e-de2b842c924b', 
'3816682e-308d-43ec-b779-853ac1e49337', 
'razonSocial', 
'razonsocial', 
30, 
200, 
'', 
false);
INSERT INTO "mendixsystem$attribute" ("id", 
"entity_id", 
"attribute_name", 
"column_name", 
"type", 
"length", 
"default_value", 
"is_auto_number")
 VALUES ('fb6e8da4-a305-436a-b906-5da7afd9c81f', 
'3816682e-308d-43ec-b779-853ac1e49337', 
'CUIT', 
'cuit', 
30, 
200, 
'', 
false);
INSERT INTO "mendixsystem$attribute" ("id", 
"entity_id", 
"attribute_name", 
"column_name", 
"type", 
"length", 
"default_value", 
"is_auto_number")
 VALUES ('87b92f52-0a70-431e-aa12-bb4d2230745f', 
'3816682e-308d-43ec-b779-853ac1e49337', 
'id_entidadJuridica', 
'id_entidadjuridica', 
0, 
0, 
'1', 
true);
INSERT INTO "mendixsystem$sequence" ("attribute_id", 
"name", 
"start_value", 
"current_value")
 VALUES ('87b92f52-0a70-431e-aa12-bb4d2230745f', 
'myfirstmodule$entidadjuridica_id_entidadjuridica_mxseq', 
1, 
0);
INSERT INTO "mendixsystem$attribute" ("id", 
"entity_id", 
"attribute_name", 
"column_name", 
"type", 
"length", 
"default_value", 
"is_auto_number")
 VALUES ('192b77b3-bc41-42d6-b3f5-c40f1c7f48cc', 
'3816682e-308d-43ec-b779-853ac1e49337', 
'direccion', 
'direccion', 
30, 
200, 
'', 
false);
INSERT INTO "mendixsystem$attribute" ("id", 
"entity_id", 
"attribute_name", 
"column_name", 
"type", 
"length", 
"default_value", 
"is_auto_number")
 VALUES ('8e1f8648-fc6f-4e93-8240-cb9fd430d107', 
'3816682e-308d-43ec-b779-853ac1e49337', 
'CodInscripcionIGJ', 
'codinscripcionigj', 
4, 
0, 
'0', 
false);
INSERT INTO "mendixsystem$attribute" ("id", 
"entity_id", 
"attribute_name", 
"column_name", 
"type", 
"length", 
"default_value", 
"is_auto_number")
 VALUES ('6e4a1d4f-49b6-43fc-8d47-8f61d141c9b8', 
'3816682e-308d-43ec-b779-853ac1e49337', 
'nombre', 
'nombre', 
30, 
200, 
'', 
false);
CREATE TABLE "myfirstmodule$osc" (
	"id" BIGINT NOT NULL,
	"id_osc" BIGINT NULL,
	"personal" BIGINT NULL,
	"actividad" VARCHAR_IGNORECASE(200) NULL,
	PRIMARY KEY("id"));
CREATE SEQUENCE "myfirstmodule$osc_id_osc_mxseq" AS BIGINT START WITH 1;
INSERT INTO "mendixsystem$entity" ("id", 
"entity_name", 
"table_name", 
"remote", 
"remote_primary_key")
 VALUES ('e7040b63-837b-4da0-b362-ae01bb6a0dc8', 
'MyFirstModule.OSC', 
'myfirstmodule$osc', 
false, 
false);
INSERT INTO "mendixsystem$attribute" ("id", 
"entity_id", 
"attribute_name", 
"column_name", 
"type", 
"length", 
"default_value", 
"is_auto_number")
 VALUES ('54f5e605-2789-4005-b56b-d7fbc09d9a9e', 
'e7040b63-837b-4da0-b362-ae01bb6a0dc8', 
'id_osc', 
'id_osc', 
0, 
0, 
'1', 
true);
INSERT INTO "mendixsystem$sequence" ("attribute_id", 
"name", 
"start_value", 
"current_value")
 VALUES ('54f5e605-2789-4005-b56b-d7fbc09d9a9e', 
'myfirstmodule$osc_id_osc_mxseq', 
1, 
0);
INSERT INTO "mendixsystem$attribute" ("id", 
"entity_id", 
"attribute_name", 
"column_name", 
"type", 
"length", 
"default_value", 
"is_auto_number")
 VALUES ('57e5c389-e4b8-4c2a-865f-5553976fe5a5', 
'e7040b63-837b-4da0-b362-ae01bb6a0dc8', 
'personal', 
'personal', 
4, 
0, 
'0', 
false);
INSERT INTO "mendixsystem$attribute" ("id", 
"entity_id", 
"attribute_name", 
"column_name", 
"type", 
"length", 
"default_value", 
"is_auto_number")
 VALUES ('5b1c51f7-b199-4491-b0b9-1bfdbd443b24', 
'e7040b63-837b-4da0-b362-ae01bb6a0dc8', 
'actividad', 
'actividad', 
30, 
200, 
'', 
false);
CREATE TABLE "myfirstmodule$egreso" (
	"id" BIGINT NOT NULL,
	"fecha" TIMESTAMP NULL,
	"id_egreso" BIGINT NULL,
	"mediosdepago" LONGVARBINARY NULL,
	"moneda" VARCHAR_IGNORECASE(200) NULL,
	"proveedor" LONGVARBINARY NULL,
	"datospropios" LONGVARBINARY NULL,
	"items" VARCHAR_IGNORECASE(200) NULL,
	PRIMARY KEY("id"));
CREATE SEQUENCE "myfirstmodule$egreso_id_egreso_mxseq" AS BIGINT START WITH 1;
INSERT INTO "mendixsystem$entity" ("id", 
"entity_name", 
"table_name", 
"remote", 
"remote_primary_key")
 VALUES ('d1b7d1a8-6d76-43eb-9eaf-241f1ef430e2', 
'MyFirstModule.Egreso', 
'myfirstmodule$egreso', 
false, 
false);
INSERT INTO "mendixsystem$attribute" ("id", 
"entity_id", 
"attribute_name", 
"column_name", 
"type", 
"length", 
"default_value", 
"is_auto_number")
 VALUES ('7fad229c-562b-46fb-ad96-cd7e6734b2e5', 
'd1b7d1a8-6d76-43eb-9eaf-241f1ef430e2', 
'fecha', 
'fecha', 
20, 
0, 
'', 
false);
INSERT INTO "mendixsystem$attribute" ("id", 
"entity_id", 
"attribute_name", 
"column_name", 
"type", 
"length", 
"default_value", 
"is_auto_number")
 VALUES ('851e0f8b-24af-4a98-a23f-87f0952a3ac3', 
'd1b7d1a8-6d76-43eb-9eaf-241f1ef430e2', 
'id_egreso', 
'id_egreso', 
0, 
0, 
'1', 
true);
INSERT INTO "mendixsystem$sequence" ("attribute_id", 
"name", 
"start_value", 
"current_value")
 VALUES ('851e0f8b-24af-4a98-a23f-87f0952a3ac3', 
'myfirstmodule$egreso_id_egreso_mxseq', 
1, 
0);
INSERT INTO "mendixsystem$attribute" ("id", 
"entity_id", 
"attribute_name", 
"column_name", 
"type", 
"length", 
"default_value", 
"is_auto_number")
 VALUES ('391680d8-d16c-4d2e-8b7b-61567606b6af', 
'd1b7d1a8-6d76-43eb-9eaf-241f1ef430e2', 
'mediosDePago', 
'mediosdepago', 
50, 
0, 
'', 
false);
INSERT INTO "mendixsystem$attribute" ("id", 
"entity_id", 
"attribute_name", 
"column_name", 
"type", 
"length", 
"default_value", 
"is_auto_number")
 VALUES ('8c1bf3ae-f3a2-4608-b91a-1b07b3dce76d', 
'd1b7d1a8-6d76-43eb-9eaf-241f1ef430e2', 
'moneda', 
'moneda', 
30, 
200, 
'', 
false);
INSERT INTO "mendixsystem$attribute" ("id", 
"entity_id", 
"attribute_name", 
"column_name", 
"type", 
"length", 
"default_value", 
"is_auto_number")
 VALUES ('6c92ed76-831c-46f9-950b-5618339bda4d', 
'd1b7d1a8-6d76-43eb-9eaf-241f1ef430e2', 
'proveedor', 
'proveedor', 
50, 
0, 
'', 
false);
INSERT INTO "mendixsystem$attribute" ("id", 
"entity_id", 
"attribute_name", 
"column_name", 
"type", 
"length", 
"default_value", 
"is_auto_number")
 VALUES ('2fcfc643-588b-47b1-8cc5-ea69a341a3f6', 
'd1b7d1a8-6d76-43eb-9eaf-241f1ef430e2', 
'datosPropios', 
'datospropios', 
50, 
0, 
'', 
false);
INSERT INTO "mendixsystem$attribute" ("id", 
"entity_id", 
"attribute_name", 
"column_name", 
"type", 
"length", 
"default_value", 
"is_auto_number")
 VALUES ('9413f455-4bbc-4d84-a3fc-315681ac1212', 
'd1b7d1a8-6d76-43eb-9eaf-241f1ef430e2', 
'items', 
'items', 
30, 
200, 
'', 
false);
CREATE TABLE "myfirstmodule$documentocomercial" (
	"id" BIGINT NOT NULL,
	"numero" VARCHAR_IGNORECASE(200) NULL,
	"tipodoccomercial" VARCHAR_IGNORECASE(200) NULL,
	"adjunto" BIGINT NULL,
	"link" VARCHAR_IGNORECASE(200) NULL,
	"id_doc" BIGINT NULL,
	PRIMARY KEY("id"));
CREATE SEQUENCE "myfirstmodule$documentocomercial_id_doc_mxseq" AS BIGINT START WITH 1;
INSERT INTO "mendixsystem$entity" ("id", 
"entity_name", 
"table_name", 
"remote", 
"remote_primary_key")
 VALUES ('a4dde045-ee32-4179-a879-9da207674135', 
'MyFirstModule.DocumentoComercial', 
'myfirstmodule$documentocomercial', 
false, 
false);
INSERT INTO "mendixsystem$attribute" ("id", 
"entity_id", 
"attribute_name", 
"column_name", 
"type", 
"length", 
"default_value", 
"is_auto_number")
 VALUES ('903f853b-daf0-4076-bb90-b9755e2ada6a', 
'a4dde045-ee32-4179-a879-9da207674135', 
'numero', 
'numero', 
30, 
200, 
'', 
false);
INSERT INTO "mendixsystem$attribute" ("id", 
"entity_id", 
"attribute_name", 
"column_name", 
"type", 
"length", 
"default_value", 
"is_auto_number")
 VALUES ('0bc0b21f-32b0-4b62-b2c5-f7e825d13b65', 
'a4dde045-ee32-4179-a879-9da207674135', 
'tipoDoccomercial', 
'tipodoccomercial', 
30, 
200, 
'', 
false);
INSERT INTO "mendixsystem$attribute" ("id", 
"entity_id", 
"attribute_name", 
"column_name", 
"type", 
"length", 
"default_value", 
"is_auto_number")
 VALUES ('7fcf33de-af9b-43a3-8d0a-4aff50b2b073', 
'a4dde045-ee32-4179-a879-9da207674135', 
'adjunto', 
'adjunto', 
4, 
0, 
'0', 
false);
INSERT INTO "mendixsystem$attribute" ("id", 
"entity_id", 
"attribute_name", 
"column_name", 
"type", 
"length", 
"default_value", 
"is_auto_number")
 VALUES ('c344dbb0-b8e3-4b79-bd8f-91b0f047bc4b', 
'a4dde045-ee32-4179-a879-9da207674135', 
'link', 
'link', 
30, 
200, 
'', 
false);
INSERT INTO "mendixsystem$attribute" ("id", 
"entity_id", 
"attribute_name", 
"column_name", 
"type", 
"length", 
"default_value", 
"is_auto_number")
 VALUES ('268a3687-7a59-4e85-afd5-b85ae20d6f35', 
'a4dde045-ee32-4179-a879-9da207674135', 
'id_doc', 
'id_doc', 
0, 
0, 
'1', 
true);
INSERT INTO "mendixsystem$sequence" ("attribute_id", 
"name", 
"start_value", 
"current_value")
 VALUES ('268a3687-7a59-4e85-afd5-b85ae20d6f35', 
'myfirstmodule$documentocomercial_id_doc_mxseq', 
1, 
0);
UPDATE "mendixsystem$version"
 SET "versionnumber" = '4.2', 
"lastsyncdate" = '20201209 15:54:24';
